{"productInf":[{"name":"IBM WebSphere Application Server Network Deployment","id":"ND","version":"9.0.0.4","buildDate":"5/23/17","buildLevel":"cf041721.01"},{"name":"IBM SDK, Java Technology Edition, Version 8","id":"JAVA8","version":"8.0.3.0","buildDate":"04/28/16","buildLevel":"pxa6480sr3-20160428_01"}],"profiles":[{"name":"Mod1","profilePath":"/opt/IBM/WebSphere/AppServer/profiles/Mod1","cellName":"transAdvisor1Node04Cell","dmgrName":null,"nodes":null,"servers":null,"clusterNames":null,"applications":["/opt/IBM/WebSphere/AppServer/profiles/Mod1/config/cells/transAdvisor1Node04Cell/applications/modresorts-1_0_war.ear/modresorts-1_0_war.ear"],"appToClusterMapping":null,"isStandalone":true,"webSphereVersion":"was90","javaVersion":"ibm8","appsFound":true}]}